{
    "description": "项目配置文件",
    "packOptions": {
        "ignore": []
    },
    "setting": {
        "urlCheck": false,
        "es6": true,
        "enhance": false,
        "postcss": true,
        "preloadBackgroundData": false,
        "minified": true,
        "newFeature": true,
        "coverView": true,
        "nodeModules": true,
        "autoAudits": false,
        "showShadowRootInWxmlPanel": true,
        "scopeDataCheck": false,
        "uglifyFileName": false,
        "checkInvalidKey": true,
        "checkSiteMap": true,
        "uploadWithSourceMap": true,
        "compileHotReLoad": false,
        "useMultiFrameRuntime": false,
        "useApiHook": true,
        "babelSetting": {
            "ignore": [],
            "disablePlugins": [],
            "outputPath": ""
        },
        "useIsolateContext": true,
        "useCompilerModule": true,
        "userConfirmedUseCompilerModuleSwitch": false,
        "packNpmManually": false,
        "packNpmRelationList": []
    },
    "compileType": "miniprogram",
    "libVersion": "2.11.0",
    "appid": "wx4f35b7c886a891eb",
    "projectname": "wechat",
    "debugOptions": {
        "hidedInDevtools": []
    },
    "isGameTourist": false,
    "simulatorType": "wechat",
    "simulatorPluginLibVersion": {},
    "condition": {
        "search": {
            "list": []
        },
        "conversation": {
            "list": []
        },
        "game": {
            "currentL": -1,
            "list": []
        },
        "miniprogram": {
            "list": []
        }
    }
}